MD5,SHA-1,SHA-256,Description
03413d12861a9cd61352e364139ff212,4ce52b6f647bee3a01c0bced310bb004bf8b7ea3,e5430dd21b5be38d6f85a3c4fcbeb048bdfe267d07faa6bea9bf0b6e30acd263,Red Apollo MS13-098 DLL
d37964a9f7f56aad9433676a6df9bd19,0af8b51e9acc098cb21619d95126a77398ffd12e,8ef94327cab01af04a83df86a662f3abe9ae35aa1084eff7273d8292941bebdb,Red Apollo MS13-098 DLL
4638220ec2c6bc1406b5725c2d35edc3,dd4179e30892e616386219775fe1912728466659,69adaf19cc19594e0193da88597b6af886f1c0e148ad980fa0fe3f9250d52332,Red Apollo MS13-098 DLL
e817741543b7a2d3e1b192a64ff6cd9d,d2be7ec36b18160e1af1b3e1249927a0e3622646,59986e20e03774c7d0f5adb4eca394f5f51b01a8c2ba9cb6c1ce30f9312b9566,Red Apollo MS13-098 DLL
be8e40986b3157179cb30de12cd5d305,2efc70f60624b1fa659a73411af5b2b4f19bcca9,7337071599eb49c75c63dff210aa516ea8dbbe99a8a66237f66f3f3c7f5aed31,Red Apollo MS13-098 DLL
65e0a07b518906df67284db97c756702,cfe92be2d25f229220088b8893af18158da4d7cb,697be6add418ca9e1ebcef6cc6fdbb6277851e1892e48264b1e6720e48122c40,Red Apollo MS13-098 DLL
eb679d2de9194642dc033352389cd95d,582e4e4efd991e43e8e07f497e1619ed8b66e7a9,cd0aa950009de8cbedb8ac5be517dc1b3f9ea1153c684d218a2e887880cd101d,Red Apollo MS13-098 DLL
af9959184a17de5dcd717882b2d58103,2b1067d5f4cec6cd77db19b7dba765e8cd7636d2,2b5afee8f669fa6be05f61ec711bc231eb7b5e77fd283640da3dd21b1a7f5c2e,Red Kelpie MS13-098 DLL
89c6ccd4785f58b7cb253045ef662476,223c4893f5c1617bfbaa3b299d9a37be2dd9edd6,9245b335018a31c31810bb4f3aca3e65bf5a34053917f1f3540ae7ac3c1f778c,Red Kelpie MS13-098 DLL
2f2e724dd7d726d34b3f2cfad92e6f9a,69fbc0f6e4a5b84efbe0e2ce42679258c855b4ab,4e7a6088dbb36b6e63e1922cc5c3e9103207d7769e078f889345af7064d9458b,Red Kelpie MS13-098 DLL
03f7b36b33e30023d34adf80165b7dbb,40bfdb5f8a7d3dae2cc0630f778e6c4057588b4d,adceda3c44ba816f5e8893c8e9923f32ea4f6cb1e6c4a3df1404196bf42eddfd,Red Kelpie MS13-098 DLL
981599bd359072ca29af14092c6ed9d9,3cc6a05f2b52493d947c0bb10fac50c91b101e95,d734bda585d4850f16aa1b05bf5e764e96ed59ae0da4f34ef051eb9516fd0d2c,Red Kelpie encoded payload
07377cf8abcabcf4ec87e9dde67672d6,aed326228551a4736012c1921d3be7079541c29e,a783edae435c6fdf55e937b3246b454ed3b85583184b6ffc1b2faba75c9165cf,Red Kelpie encoded payload
b80d303171db4adb554e656aaba15fc9,6c34f4f29cb3d8cc8f55a707d255de50caa67e8f,eb9c850b1e8d8842eb900fa78135b518fb69da49c72304b5b3b4b6f4fa639e57,Red Kelpie encoded payload
2726abd83cd26bbe0902595729b507a9,54fa5c814d1f70b1cb6e3ae883a0a80fc5daea47,45221ac9118d41dc82fa56d2c041f7120ee753abb858e5abb94f8c892c48dbc2,Red Kelpie encoded payload
9a478e85f1aed628e3fc1f7c8fdeae82,7849dcf58fbb930a1327635e13e9970d4bdc7121,be7ba33fcb2a19bb2d1fe746f49c39fb1b8bd5d9e46d5b6610f8a2ad3f60b248,Red Kelpie encoded payload
d152672644ad0a843e2c4a0dcc71ef08,7346ab214db9e5ca4924d19e60df4fa15e0c90f8,6bf3eecaaa8c4cfc2b3d2e3ad983838e2553539fde8422b09e40037b5dbad3bb,Red Kelpie encoded payload
318b3661ec5929f069e7821fac537fe0,5fa5593b52cfc866c51f55e9a56b1adcc9db01d1,655c21fc31967282d8517b3c845f775cd0a80595f90c5c85b6027110532a1cf9,Motnug
bffb5f4284abec2b5f9fd9d57325e247,1f5e2d3cc55e109c364510ab733b151af894d429,61fb40e390e08a64e271afc97ea82d8d0b7401bc6f9e12b02d4543b81445a620,Motnug
3089b497fb50cde3058ea86049d054e1,03246b84cfebb1d7daa8929519cffe4a9e019062,b094a947e991d2c7a339b09916d5dada7fe6fc466e601887b38eb83442182f1a,Motnug
f5ef8132cecfc71325ba68604f71e194,f32ddafb3f1489b5e1b00d46667abae74cd6dc45,88fbb4a7fd003b852d2bff599dd339950bd4a1e9bb8996a51a133358590a911e,Motnug
fd79b0111755f11fd6b4fb84cb224f0c,db5f50ebe889bfdcaf8be14861b2aa36b7e5ed0e,080fee9d027463a9639d67012a30e16e001c4d7cce1814d0677da2a777c981cd,Motnug
4df7b6d7097ce29042da1f839b3b3974,da680244641e43427056080a6d46e8376f2537c9,261c56d21595559b87406f25906ed8f58932bacec7a6299bd9c410efab3210c4,Motnug
9e795f963538d4da429c6464f47e8d8b,e817d67d3cd7399c51c96e8f8407699058fc90b2,ce24b993d371ea2a212a3f922ba18ef5fc58a0e50afaa2ecadf23e5735af4939,Motnug
3b16c6ae204b0fb1bbc798972bc16983,ba8eb6139c594d6e8743ecb54a5b43fb7d76b1a4,48dc6ba89c34c59408b1bbb67de715adf17611a696b579a8f58e833081ccc9fe,Motnug
d2190bfa14ec7bebd722052e3a1f6182,2801e13827d24643bcddfa5d46dd59c43c1ed61a,7d53df7dc7ed5164fadc802a1b76ad9c00cb54038eca0434ec5650aa2c06339c,Motnug
ec2f65f6d58e0e55a2983a788018a11e,344485e55962ef5980126010c9c9d70901fe569e,36fe40250d193badaaf797ae32b0f5f8e6c2b0cccaef31233a1c0126b5b9371f,Motnug
faf4960831ab7f645c1c6a1b9dedfe9c,9ee16351f02e1b1b4792409ae2ae6a380101dbc7,a7fd9053fcb26935ddabbdfa7d5d8d3f10c25a019633d5ac4ff0819bb0b335a3,Motnug
2200ba87c6b974a25f2d0a308050257d,880c1088b053d250e002a3dc08a99ebbe72849e7,551de4d43ab1e0450634104db22ec1de2cfaa05a1b53b895d72850fb152b653b,Motnug
5909983db4d9023e4098e56361c96a6f,0b83939510bd31939c91370c53fab25aa286ba08,f91f2a7e1944734371562f18b066f193605e07223aab90bd1e8925e23bbeaa1c,Motnug
dbc30db0ed5ba1ea3b2e500823448c6c,648594c25aebf3865c35ce6057e36b42e9e3be31,0187d3fae2dfc1629e766d5df38bdabf5effcb4746befceb1aaf283e9fe063a1,Motnug
38857fb40e0655495df270777043b813,c67ad0bb292ed20dbe9ba980e71d223249632252,afb5e3f05d2eedf6e0e7447a34ce6fd135a72dad11660cf21bec4178d0edc15b,Motnug
1042dfce8b4ff717596502d1cf8ee355,4f09bc5e7c3f11ca9f1a4b56baa270f515745a19,21c4a4f8aab9d60e1a48757960e59542e716a74af17bad4a13d1b4af503b6ea9,Motnug
21aa8aa3a92ebca1963595a328061843,8a503147831499778b2d50f8337677c249c99846,fcbd7ab82939b7e0aff38f48a1797ac2efdb3c01c326a2dcf828a500015e0e83,Motnug
0133bd3f26788732a580115218d98273,fde9357e8d6a3336dbd82d2e22dbc0772640f63f,f36a0b99973a837d5e4d542edd739df7cac10e207be538d47a106c4edf7cff54,Motnug
f02a87562ffdd7a1c941dac4175854b0,a42e6dc7f248794e91e4ec251c2c96164215b7be,34aeaa89aab983318ed8f6da32556faf3057a92dc045fac1f960f3aaad3a1ba1,Motnug
7ee9b79f4b5e19547707cbd960d4292f,a876fd999f933fdfc6cccc13947fa2a9e3ac53bc,fde7363bcdde850585774177655b15a24344212d3ebe2e14026ffeb024b34010,Motnug
fcceb7a3bc3b0c48c8d9c91eb0b896ab,59c4f47b1135f21a8814c8a838277f4cfa46f2e5,bfe2673b02c54be9093cff8fd564b630109175c608f07d94e4a2ac65028a6eae,Motnug
71b250a873a070415fed172759a42b7d,90c104dadb5c21b4fca644b37f7043fef7e72d2b,46f03ddf74c47960a3731de18f123b2110153ed668f9bf6ed3badd7fd099ccb6,Motnug
337171764c99b7ae87c030e11cda00c6,418fab494383e2ae0d94900344853cc0bc6d5385,45d175f3c1cb6067f60ea90661524124102f872830a78968f46187d6bc28f70d,Motnug
b6891037dd3abb949b5587f32bbcd76d,05f36070fd76856ecdbe2e5af58ef888a655192d,64bcbaf174e0027c2ec1f4d18ccffd8f4b856286bcbf8d4a416cad4a30726d90,Motnug
131711477620098191777f93c580ee6c,0cb8ed29268ec9848ff1c7f25f28b620271e61c9,0041b28d1f076e196af761a536aa800ebe2fcaea9084a8e17d2a43c43765efdd,Motnug
99b86e64d76d21b2a5bfeb48b89e3935,5ba9f7cd51e8eac88f870e340c8262683d92563d,e935699b31707ecf9e006940f31f09514688cb45e078a66724603ee7fadf84db,Motnug
c5429f55a1864f272266533587dee262,275473714b3bddbde3ff1bda892e4bd65c383deb,b39e498bf51f0622eca174a127d4c1e83e8c4bc2beab696a423788ed621d1911,Motnug
8b2e72f2b13c63a583ae9a9cd474adf6,e629fda195636d99ac587b354b5c6fc228d65d81,4f2d8c437d32dc075074f01d10698f6d4dfc4d4bd8a595dabaa2519c6a025c8e,Motnug
224959a7ec797600fa2a11195c131a06,25fb9ed4f33d19d99a58fa6866a8651bd8fc41ee,a177887e40c26cda0eca14072db639cb30341b049c7cf731dfdea05026c8565d,Motnug
326b70f06ef922920847e8d0e24c04a5,cb9ead82ca3f7f66faa2eba3cd57443a3f0aafe2,8534abeac1feaff1b271c249dccc06a3d17ba61b976f3fbc2af7378207357cf2,Motnug
247c48b8758a9eba48bfe39c53ff9e6e,119b92462a91f9cc8b24dfbd84fb88ef47ecab97,fad80dc36a59d1cc67f3c4f5deb2650ca7f5abac43858bf38b46f60d6bb4b196,Motnug
f261123404db626eff10af5b92af23b6,51c828d1fd27f6c6334d61f3e875f62dda1ca9c4,61537a5df56c6bb5d75a4ad9d40949a7d3a38b63a393ce70540354b1923bf49c,Motnug
bf3c0f48659bad25b0b52662bda48992,232db58f4014ceef0f2d0e172e7a886cc6727c0f,71e5c9ffff9ededeb5606956b438125057fcc3dbb5987874552bc492a00f31b6,Motnug
62d6fb0f33d0411ea6abd3167118a0e1,1530993376416274d04907ff6369a3012694bfa9,5347c5bbfaec8877c3b909ff80cda82f505c3ef6384a9ecf040c821fc7829736,Motnug
1015fa861318acbbfd405e54620aa5e3,c8cd59d3d1f2a48c73d819a28ca685a038e4e039,8ebe770806afdf736ed2adf68c68e430cb60cd2786830549983eeec81bebf068,Motnug
a539a2a9b7fba2c94520e444a4ce26a2,b2ed33c78b06eac2a341bec4dcb6597fd008c726,3b0ec2e15bc8a31b22c14d50611d5e5d4224757783739d143b50d073f08e914d,Motnug
b4aba3aa4e506aa8e695ec4f62c7b538,89040745150af76e6335a8055c508cc7d2a2b74c,e15f4fe83600c30e71e2d5f984f4f9d5e441f1cbc1f305576ee71e2eda71d9f4,Motnug
5f37625498036d9dcc819ea2bf98750f,e201b4c65d3f9de335c31464652e354aa5657ead,b065b421f4c78f8d2f781c94f57586ba2432ed01c5cbd7ff8b83609c50118288,Motnug
1dcdf0ae1c8fb571bdfce2000f0dcbba,60a8bcebbaecb3e072e2cac1fddf40a0f0c0e60e,7570f0dff040ff7497824cb1c299f92fb4f24eb08c745d523f4226609e536795,Motnug
ad6912d14ab1ba2aec37c1470cc1c31c,f0d810440330b90ff594b17bfc0d1abc5fb986a2,1fbf49f4553f67274fbce3dd3e2d95372183081099eac3d21d8a0fe969a6923e,Motnug
66737e556fbcffd035532e58ca893c05,95fe4fda37a7c0a42f8d5204f306cfb8c8e23407,eed68c1e175d4aa6e95f483a18b8a6c8edcdc38eb6cee6d3196cfb887764c819,Motnug
3af8e6198f9f085727e7f13f754a8b0a,bd4657d9dcc4c75165ad7e878845b148fd5c3808,42daadbd04a1473b7e25354f7a2d40639cbc14a9c7bab2bb4be27d2e7cf93f5b,Motnug
2a3e63fdbcbbad9b4be8b35a180ea0d4,1c265ed6b5875a619a427db1663f48fe7db01d88,ca0f235b67506ed5882fe4b520fd007f59c0970a115a61105a560b502745ac6a,Motnug
211db7515faa09aa0623b327bd1530f1,d9b692d84bdc134f90b54ac2a30f6832d70e730b,abac7a72b425ff38f8a7d8b66178da519525dc2137ca8904b42301fb46a8983e,Motnug
53e2c1eb6b87e92b5f534503f011f6ee,7a1c5e1799bdeebb01527f54a7fd89d0b720dea7,0756216ea3fea5b394e2fa86e90a75f05c3da2b4b47d61110559bd28f51da8e6,Motnug
432e0676db09997f78e133263737b401,afaee2608bbdf1c469bb9f74b1013d86c5667898,560a96e4577d09eb13416e5c4d649c346ca11a2459f09c8a3495d7c377c1f31d,ChaChaLoader
083eae61806f710ba2fa8fb368f7e998,9a0fd1e3c2341976f3ecefe896f3de6e6c199ca7,02378f64fd1083491cf5558397aae763ff047a5fa9fcaf624d1710b86f440777,ChaChaLoader
6e17ee7ca6fddf28a47cc07d5524ce5c,09ffe37a54bc4ebebd8d56098e4c76232f35d821,9e178bb966f101e8c8ed020fbb2fb5878e2a969f7eaf47bc990f0472e85a3533,ChaChaLoader
bf4b5b92ec6b0a71ec125d92df02b4f0,92aa205d6d11749a5f96391996c6c20498dddec9,c1b587a922691c7e01db3e57f223fa2b5d2df2121736922ff97141571c550cfc,ChaChaLoader
420c09296ae836a853c5968a2a554f96,daa2168731838ca2d926e7d52498582765918a96,98f6be546c5191b67014e3d0f7f8df86715d970aa326a6a438d0be234daf8841,ChaChaLoader
b3f3de10b3c1c15491c53223f1b5979f,d83325a379ae6eee2f9317d6fb9cbf805edca2c9,91aa05e3666c7e2443fc1f0f0142f1829f5ec51e289c95b10811531da50eb2b3,ChaChaLoader
a909fe98116a548ac7988fab62f08d68,88859319349d496e140d66c3d46b5a716646c870,e009ef76fb9402fe379280ed9c6a4d81748fb259475b9048937f3d7c7f0f0f32,ChaChaLoader
955f71062d06ebca0c9852ae3ec2965b,f83714dd633913a33701f47345964216aa172915,bf34dfb4140c00d23554b03ebb986b2734a2c396877681d526e2ac80b372268a,ChaChaLoader
1e750c5cf5c68443b17c15f4aac4d794,e15c9eb75f69a9d5ce601201cf09ea9f54e7b4bb,477882b41e10aef0fcd0d5d33715dfb4eb7f8f3277057978ac77d3ec5914c6f9,ChaChaLoader
304dd9b66f80066ccdbc30515145b26d,9bdecb08e16a23d271d0a3e836d9e7f83d7e2c3b,c5fb7442b0c04a18495f4c4168f88abbe9101996d0c47c9fbfffcdd1e4bb7a54,ChaChaLoader
b4a8d94fa763a7bcae92b500535bf131,4cec7cdc78d95c70555a153963064f216dae8799,8da88951322fa7f464c13cb4a173d0c178f5e34a57957c9117b393133dd19925,ChaChaLoader
c86d9e9f1fab81bcddd93932d1858499,89626c89f1e96bad8a8b1e427efb4821a1cb68e9,e2ae201bd6a7397dcc5036260122e7d67046569b90c4f1b79ef8e34914729888,ChaChaLoader
f5158addf976243ffc19449e74c4bbad,32ad4408adab44547bee230dc87bdc713b40b164,d9d269a199ca0841fc71fef045c3dc5701a5042bea46d05a657b6db43fe55acc,ChaChaLoader
49e50ce933aeb1fc7910b00fc91030b6,d38116a9d7b9cb5b1b8054cb38af334c60c72ca7,5c81882af64ad5068ca59d537ea41ee9e1d063689b004a3d6750b0aa62171501,ChaChaLoader
5492593df05acdd710cc6390dbff88d8,b2eaf7fa139f2e479a25e4e24d47f96341d51ca0,2738449fd0d0a68dfb412646ca52b59c293f52a9af00acf3db85077d71534b66,SFX dropper (Motnug and BAT script)
fef94f9977f6c9da0d8e006a5fefc5c1,ce2ceafa512bff34fdf4c84a0e9b59511270db5c,62d9e8f6e8ade53c6756f66beaaf4b9d93da6d390bf6f3ae1340389178a2fa29,BAT script
1dd8c20bc6408759a38397c95f303d2f,afaa38518fea99b1f87283d82427197ab3178d57,da4b86b9367151e0c36b90cb7329aca2d05f2984ce0e0181dd355b728acc4428,BAT script
f442e4c0835d6236642a1ea58849508e,f0ed16bb126691d792568f9a4eb5050cba27285d,d6a42474bcd9ca4715922fcdc181418dfb22786401b78711b59eb0c89c635c5d,Unique icon location LNK file
5e1fea4d569770788e699d7ad219b7d8,a6ba5fffb83e9bb0c4e9f362d882f5c6818aeb74,177ff0522c33b5968e8668d571072262b9b4c1c00322ee281ac25b7fe0a2f61f,Unique icon location LNK file
f015bbf7d99a1e57c00465a620e8c60d,f9df3f4ef6bb509eda77bf61a79a3731160c9669,44110191c47a18e416f6aea09198e7eebd9b20269748a6c7d1b9fce1fe6494cd,Unique icon location LNK file
45a2fd2fa42f0274ef148b8993ce6d65,7aac0e3b60fe3337e4b3f5dcb68e29ba621492e6,44694819cdf0a56080e88e5ccc9c1505e64403b5c80a90f5169033b60e31748c,Unique icon location LNK file
48f238cc7d635f9506984b0a2bb377d6,ff7cb12a9cafad8817b3d3db860f1dbf8ea2adb9,5131289ad4f4910a03ace3d78195ce8088c5af0aa6dbb9d6cfabbca69c9e3a74,Unique icon location LNK file
e016287f0ecf7777cd0470890754b8b2,e6bc3b1be4b23be67ef5027d11229fe58d525798,59fa89a19aa236aec216f0c8e8d59292b8d4e1b3c8b5f94038851cc5396d6513,Unique icon location LNK file
a010aeb31101db304a6d9372e4bb6913,efdf0a56e4c673c75ce03a256d580c028d852ffe,67a97808a184acfbd08bfad961864f334b69d9e47adcfed2e9080c1021d56113,Unique icon location LNK file
9f647e136358ecbabce19e21d7bf057a,8de65f1ac6d9a44f237527dcb054d9211669431a,5904bc90aec64b12caa5d352199bd4ec2f5a3a9ac0a08adf954689a58eff3f2a,Unique icon location LNK file
32518e63a93084ee3f272749dcbbbf0e,4aaede1d11d572dbfb914b8104a1c19d2b77c2b3,c98ac83685cb5f7f72e832998fec753910e77d1b8eee638acb508252912f6cf6,Unique icon location LNK file
9be9532d465ceb4393c02ee68e8918d4,fa17c05680ed812516c917aa372f3cfae206f471,a44b35f376f6e493580c988cd697e8a2d64c82ab665dfd100115fb6f700bb82a,Unique icon location LNK file
34e98a72f6a10260b194e883648e2b24,49232224fe6a550ba77fa34bc67a7641fa7c1ae6,371ca24ddb69aaf6a14b06353ca688c0ea24a7f67facbe834a7bb7985948c25f,Unique icon location LNK file
1a085d877dc143444a6d0c654a1a6f46,1baa46d406c2d1b68d3dd486909155d22646c1e5,8e91db19ab0bcc2220306ebbf03ebeec1939949e50e1fcb05821f5faf3531d9c,Unique icon location LNK file
2ce0e65a7fd3e5de4311117fad1f2de2,46a0dc914c3ad0c318cd8a902e0f328d7a343ea4,2bd9f22f5e6cf13073e465b2f4d9ce0af74ff7dc408003eceee98545e70fe4e3,Unique icon location LNK file
67909224ebdfd904315009b52fdf4a14,22137790ec5d28590c31e0499c304e3848cf035f,2268c82582ea1bfcf5a93a84140e56d895c792b784c8b622afd56b27fc3769b4,Unique icon location LNK file
b6f71cc2ccc8676ba79ec59b4eb19ffe,fa03ff86d8b1477742f1605d59221ba913b81648,2218904238dc4f8bb5bb838ed4fa779f7873814d7711a28ba59603826ae020aa,Unique icon location LNK file
550425bd3474f729c0cf1b1c131fb011,87467d9cddf6489befd82740ff17b23fb4bd2484,7248867d0cb097c91172651d0511aefc01abb318c425278c23be2b5df929072f,Unique icon location LNK file
997ab0b59d865c4bd63cc55b5e9c8b48,0f1f2431ecccb980f7d93b9af52139d0d508510f,c613487a5fc65b3b4ca855980e33dd327b3f37a61ce0809518ba98b454ebf68b,Unique icon location LNK file
4a4a223893c67b9d34392670002d58d7,281c1b196cd992906d8583e64011dc28d9c52e3c,dcd2531aa89a99f009a740eab43d2aa2b8c1ed7c8d7e755405039f3a235e23a6,Unique icon location LNK file
8e0aa84380ea07f3b204f876002d9b24,7854f36fafc1b34c1dff004974baaefb79b3a391,fcd2914413beb13f69ef84b923038d5cfdb9e7d9ad18762d12c3de51234fbee0,Unique icon location LNK file
e3353fd8d04ce75deb1de659d0dc3b5b,628a31e99178ee4065fe937ad4cf51550ffaf8ba,32202da3ec574c3bb4ae197ee26918d93cf244ebaaaffa073d30d65a0e845e42,Unique icon location LNK file
9995b40fd1f7f103223d022473d17fdd,9aff28b62107b2d3bd917420829b4d51b29d1c09,efb45280e68e3c95b2ca75e4314d1319642a9f574936424d80da0c736250c250,Unique icon location LNK file
85f848d56f84cd4cfcad116b68e0d928,f001f4b04de5be8d007e3b72ebdfedfdb4b256b2,759364f6e5054cd6fd1a6769ade502bd2090a375ca3b0d98c7aa8800510faad0,Unique icon location LNK file
2bf956c5b6f13111e9c5f25581448961,04a646c000c2ef8e645bb15aa340bb4fd55b4058,87d90a892ee3ee9830e56ddce229b52af6d36fb5bd2509727be7e7f189b7707d,Unique icon location LNK file
238beb7e818c211325a7c70d6e25ee8a,0c5fa838a71530f8937b9c4a7fb12b7d86b9533e,ee601347cd886bda2510ebfebd55c26e4f5052f7b5302f6ba5e10434e2d0a744,Unique icon location LNK file
369da5626c12ef6342491a7e8f9dd248,a1a54c95548fa17fa221106f98d2da39301521d7,0f0a8fece752503cbd6e858f2ea39893d21278c57c30661d8398227e7a01bb9d,Unique icon location LNK file
d2a8ff2e25206a3165ea6664f9ce72c3,c55c74ff652db937366fb998de937b0a6ec62299,39aabcbb54a258695dc414cae1ddd3163e95d23f9a32dde772b84697cc63d4a8,Unique icon location LNK file
b2fe55bfd2c713767574196c1130e3e9,a579f8a590aa1823502063e551b2904273f6f342,6d9750eee513a7b8bf0c9ee26194984956af93879f99842363d46edffa3af3c8,Unique icon location LNK file
00db24c83db4aaf5313e1587f25272e4,c26f81b5b4324a983f885da928df3d6e0e5a41bd,f65ebbe0050dd21bda0930bd58e5dac4de3fbdb44f9e9b13d748c26417606e9a,Unique icon location LNK file
d7beb28840bb3c96b17437c374d44939,727d1e85ca4a837db2f192a6e37d0931ada05a51,59843303cd0861f0df632e23a9b3fe674064b95deeaa20bd02059058f6a00a2f,Unique icon location LNK file
42e83f8e412c9ed09032c845dca3b627,2a62fe45516ad36e76900768d90fcee95aa663ff,93e5a98ad0eff8990f823bd6f5a6529b0028d800e1ee2dd5ce605801b4cfd81f,Unique icon location LNK file
a9b218f72543d3860ffd53431251fbf6,9fff0501015c0afa0a48e3b825bdb399bc9483e3,583cebcac81fc3e97b0ea625a4a60ff84ca1b4bc67df6924b898b045ab03e48a,Unique icon location LNK file
e7f31f7702f7627a7d4c6896cb120050,114e1d896801658506795418bb749f12aadd07c6,51d7dae717c501a2eb6af654de1206cebcc6de27ed3554a71436a3731c47be47,Unique icon location LNK file
48cd2145aafc6cdc145c5185cc82c1ef,886532c51b591eca08c9f8ffb01a090bb64a7a13,61d7aceb6179ed7835f07d3482ebdaa8180c6c4dba8a8d1b819a6fec0a05db22,Unique icon location LNK file
47b11eb4be99af6d517cfa4aaef837a1,020d6daf372adeb90a2bd55e08ee03171653c715,50a55798d744c3e424d950c308d2a868fbbdcbf7e611fe195749e239db6d774a,Unique icon location LNK file
4137f85c018933d29b9e231c372aa35b,7b261fe4d913ab089d17789ff27c7f26af13804a,aaaf09342a3b5672759f426d16e076b18f826ba8760dd6bfcbed4a9f16cbfa73,Unique icon location LNK file
ea583e6c36d5424b072f9c9a077ac421,651350d0c50cfbf25f5f6d96ae59608a7075ec29,fc2d1199783624d9841fab7ae80fc1ef7d9067e85670fff89fc56778832cf7e3,Unique icon location LNK file
7f7552494fabeaedd8a30c5127db4dc3,eef85fbda732d4a10ac091b363f1900db084f3c7,09ffd60aa962097bc4941f11109460a6ce19a2f7e8d447a96aaab829492e5687,Unique icon location LNK file
57932c70a3521e0145bb85f77c90f0e2,2466576463bccf741ece4f1a8a1d754d9d78bd8e,e58846f55fecdf0431018c195405207a80f26c8a58680d80f768382656eefb57,Unique icon location LNK file
53e9c7587be3cbc843dc2d83b4fda2da,24e190bbefa3e6b4807fc1bda316365b8a15c9c0,e276fbcc605faf6e91e64f6555486f6f52e2166a22a0c9d064fcf62d10341cc6,Unique icon location LNK file
fe474a0e67aceebc874c4b06bb8ebf16,fa863c3f9a93b2302a0790b4d39a4309b1f020ca,774878528c247578e20572fa466cc9734c2c24fc2331f6b67ee9ae9f1e722626,Unique icon location LNK file
bb2a550257de53e588457ea7c1017b8c,89abf7118fc8ca960866dcc72ef13b26704becf6,dddb872eb562cb33e6e997804e26672df00e209e529a6bf7984483882529c3bc,Unique icon location LNK file
01642635a752f1e1a440e2aa9f6d7824,bbb50ef634ce57117e367ef84152f83b8612d2ad,2b76f7bec684acef744df121bd9e7d7bbaaf68803c260af439f11cd03991a4b6,Unique icon location LNK file
48eaca1e6b6ef0a650c2e642794eadc0,c8774b2e863e50abb352570a4fa24c80e3ea8c43,da1d1e5a01d9b6fe422b80154100c79080d6a63e617a59f68a38b256df61c6ce,Unique icon location LNK file
9d8586d6b97f3b37687a077fd0059aa7,516c1368e3c7ee5a383b974013eaba27368f0ffd,095590cbee5b254fa374fe04f7df8d79d20a29b9539e327ee8adb4a0c52b4698,Unique icon location LNK file
0ed22d12e04240d7d4bfeb2a0bd11540,7757b139f0e5e953f251b24a3d06a25f635a400f,e47985bf9b0bcfeeae489dd4b677af7865897afc4bc50c007837775b8645dceb,Unique icon location LNK file
7af33953b8b8ea75cd92ca30459b0694,78d5aec8a20a3e9790d327806795501d79c6cb51,09822ee5feff8229a9d1b755f6a6a23ccd42809fb061ab3834a3ea2dee264aad,Unique icon location LNK file
e8a3254f14c2d337cd5cb988d2694361,f0a467a6349c4f5ba5280364f23151e7ec72292e,e68c2f41b47e65ee9c4bc903b6693e03772afbf619c5c30197881dd305f9b543,Unique icon location LNK file
41dd77743a090835ccc069c5efb6b3e9,3512aa83107df583059e98d1d13d0a8375840193,6edefb98dc1e763f2c05907a9e80ff260ea1aa9bd53dfb84aaddfea44fb1ae37,Unique icon location LNK file
937f34e14b02f429f4d029ad61a27eba,6cd4c23b47dc3fecbdbabefa9f59230239ca6ffe,277178247bb04529750a8a844e2949ab2b822c16e6cef7b7580c9c45fef01408,Unique icon location LNK file
34f479e5e71a77e0e42e59e4c8218beb,e9c10cef5c485046b3c4659b5921690fa797af7b,8281d21577e258b6a448fcd1e16d8120af74f4e5ba1034a4d57a8849c220171e,Unique icon location LNK file
